la base verbale;le prétérit;le participe passé;la traduction

abide;abode;abode;respecter/se conformer à
arise;arose;arisen;survenir
awake;awoke;awoken;se réveiller

bear;bore;borne/born;porter/supporter/naître
beat;beat;beaten;battre
become;became;become;devenir
beget;begat/begot;begotten;engendrer
begin;began;begun;commencer
bend;bent;bent;plier/se courber
bet;bet;bet;parier
bid;bid/bade;bid/bidden;offrir
bite;bit;bitten;mordre
bleed;bled;bled;saigner
blow;blew;blown;souffler/gonfler
break;broke;broken;casser
bring;brought;brought;apporter
broadcast;broadcast;broadcast;diffuser/émettre
build;built;built;construire
burn;burnt/burned;burnt/burned;brûler
burst;burst;burst;éclater
buy;bought;bought;acheter

can;could;could;pouvoir
cast;cast;cast;jeter/distribuer (rôle)
catch;caught;caught;attraper
chide;chid/chode;chid/chidden;gronder
choose;chose;chosen;choisir
cling;clung;clung;s'accrocher
clothe;clad/clothed;clad/clothed;habiller/recouvrir
come;came;come;venir
cost;cost;cost;coûter
creep;crept;crept;ramper
cut;cut;cut;couper

deal;dealt;dealt;distribuer
dig;dug;dug;creuser
dive;dived;dived/dove;plonger
do;did;done;faire
draw;drew;drawn;dessiner/tirer
dream;dreamt/dreamed;dreamt/deamed;rêver
drink;drank;drunk;boire
drive;drove;driven;conduire
dwell;dwelt;dwelt/dwelled;habiter

eat;ate;eaten;manger

fall;fell;fallen;tomber
feed;fed;fed;nourrir
feel;felt;felt;se sentir/ressentir
fight;fought;fought;se battre
find;found;found;trouver
flee;fled;fled;s'enfuir
fling;flung;flung;lancer
fly;flew;flown;voler
forbid;forbade;forbidden;interdire
forecast;forecast;forecast;prévoir
foresee;foresaw;foreseen;prévoir/presentir
forget;forgot;forgotten/forgot;oublier
forgive;forgave;forgiven;pardonner
forsake;forsook;forsaken;abandonner
freeze;froze;frozen;geler

get;got;gotten/got;obtenir
give;gave;given;donner
go;went;gone;aller
grind;ground;ground;moudre/opprimer
grow;grew;grown;grandir/pousser

hang;hung;hung;tenir/pendre
have;had;had;avoir
hear;heard;heard;entendre
hide;hid;hidden;cacher
hit;hit;hit;taper/appuyer
hold;held;held;tenir
hurt;hurt;hurt;blesser

keep;kept;kept;garder
kneel;knelt/knelled;knelt/knelled;s'agenouiller
know;knew;known;connaître/savoir

lay;laid;laid;poser
lead;led;led;mener/guider
lean;leant/leanded;leant/leaned;s'incliner/se pencher
leap;leapt/leaped;leapt/leaped;sauter/bondir
learn;leant;learnt;apprendre
leave;left;left;laisser/quitter/partir
lend;lent;lent;prêter
let;let;let;permettre/louer
lie;lay;lain;s'allonger
light;lit/lighted;lit/lighted;allumer
lose;lost;lost;perdre

make;made;made;fabriquer